{"type":"Topology","transform":{"scale":[0.00002148776389347809,0.000016829967607164258],"translate":[-85.75182706306596,42.883669940042715]},"arcs":[[[5869,7901],[-64,9],[-71,12],[-55,7],[-46,8],[-32,6],[-37,10],[-27,12],[-27,12],[-28,16],[-27,18],[-26,16],[-53,36],[-31,-15],[-22,-8],[-48,-18],[-38,-14],[-31,-11],[-32,-12],[-30,-11],[-27,-9],[-26,-12],[-19,-11],[-16,-10],[-11,-9],[-18,-16],[-21,-23],[-15,-23],[-9,-15],[-15,-32],[-50,-106]],[[4917,7708],[-126,0],[-116,2],[-96,1],[-126,2],[-144,1],[-165,2]],[[4144,7716],[-463,2],[11,36],[35,43],[51,49],[64,27],[96,47],[62,37],[34,21],[20,29],[28,42],[35,56],[28,53],[21,47],[20,50],[28,57],[6,35],[15,88],[5,68],[5,61],[3,36],[3,38],[298,-7],[229,-5],[33,-1],[149,-3],[203,-3],[237,-5],[-1,-39],[-3,-69],[35,-1],[89,-1],[42,-10],[-3,-15],[-7,-37],[-4,-33],[-6,-53],[-5,-45],[29,-5],[15,-2],[13,-1],[21,-1],[47,4],[32,3],[24,4],[13,3],[27,8],[30,11],[9,2],[6,0],[10,1],[12,-2],[15,-4],[30,-13],[30,-13],[10,-5],[5,-5],[-3,-160],[115,-1],[-2,-65],[-114,1],[0,-176],[-42,6]],[[6585,6841],[-212,3],[-159,1],[-219,2],[-258,2],[-247,1],[-281,1]],[[5209,6851],[-100,0],[-282,0],[-395,3],[106,174],[112,184],[51,88],[85,160],[62,116],[57,108],[12,24]],[[5869,7901],[42,-6],[0,-24],[-10,1],[-2,-76],[-2,-90],[6,0],[-1,-104],[-1,-110],[230,-2],[-2,-149],[0,-65],[115,-1],[124,-1],[222,-3],[-1,-106],[-3,-242],[-1,-82]],[[5209,6851],[0,-343],[1,-248],[0,-251],[0,-22]],[[5210,5987],[-192,1],[-63,1],[-77,0],[-93,1],[-89,1],[-67,0],[-77,1],[-109,0],[-36,1]],[[4407,5993],[-58,0],[-103,1],[-119,1],[-97,2],[-75,2],[-54,3],[-93,0],[-65,1],[-71,0]],[[3672,6003],[-2,32],[-1,56],[-7,115],[-4,64],[-7,91],[-3,60],[2,59],[2,62],[5,62],[10,112],[2,58],[0,91]],[[3669,6865],[4,43],[5,57],[6,53],[4,44],[5,70],[2,36],[-14,145],[-8,93],[-1,88],[0,72],[2,131],[7,20],[463,-1]],[[232,6111],[-43,0],[-5,159],[40,0],[-8,272],[229,-7],[-6,216],[229,-6],[-6,215],[-229,7],[-4,98],[-14,333],[691,-25],[5,-223],[3,-143],[69,1],[0,8],[58,1],[8,1],[8,0],[17,9],[13,1],[9,3],[6,1],[12,1],[18,10],[12,-4],[13,8],[7,-4],[5,-32],[1,-50],[0,-12],[0,-5],[207,-2],[230,-1],[4,-115],[115,-1],[1,-37],[114,0],[1,-63]],[[2042,6725],[3,-144],[2,-119],[4,-138],[2,-96],[4,-153]],[[2057,6075],[-152,3],[-155,1],[-211,3],[-203,3],[-126,2],[-150,3],[-128,3],[-205,5],[-127,5],[-78,2],[-157,4],[-133,2]],[[7697,5134],[-22,35],[-16,22],[-24,23],[-21,20],[-26,17],[-27,14],[-30,17],[-45,15],[-53,19],[-84,30],[-84,28],[-72,28],[-72,25],[-57,25],[-23,8]],[[7041,5460],[-17,7],[-42,23],[-30,18],[-34,33],[-37,46],[-14,25],[-13,26],[-9,30],[-8,47],[-4,35],[0,56],[1,34],[1,46],[1,76]],[[6836,5962],[4,451],[201,-2],[1,24],[37,-1],[2,187],[-29,1],[-1,9],[29,0],[1,17],[1,32],[1,82],[-30,0],[0,10],[30,-1],[0,32],[98,0],[1,39],[97,-1],[2,317],[132,-1],[99,0],[-1,-13],[116,1],[0,-37],[57,1],[0,-21],[-1,0],[0,-33],[1,0],[-1,-213],[-173,-2],[-2,-139],[-3,-170],[-1,-65],[-1,-56],[-231,1],[0,-40],[-1,-63],[-1,-112],[230,-1],[-4,-214],[1,-156],[1,-273],[177,4],[283,5],[2,-428],[-37,21],[-32,22],[-11,6],[-11,4],[-13,3],[-17,1],[-68,0],[2,-64],[-71,-1],[-5,9]],[[2042,6725],[456,-24],[-3,216],[444,-23],[473,-21],[257,-8]],[[3672,6003],[-3,-43],[-14,-116],[-15,-97],[-12,-98],[-11,-68],[-6,-43],[-5,-41],[-9,-153],[-4,-46],[-2,-22]],[[3591,5276],[-20,4],[-70,15],[-41,7],[-43,9],[-48,8],[-35,5],[-37,5],[-53,0],[-49,1],[-75,3],[-23,-1],[-24,-3],[-24,-7],[-25,-10],[-32,-14],[-28,-10],[-20,-5],[-30,-3],[-26,0],[-38,2],[-32,1],[-48,2],[-63,2],[-51,2],[-36,2],[-20,-1],[-27,-5],[-15,-4],[-23,-8],[-18,-8],[-17,-12]],[[2500,5253],[-4,15],[-2,71],[-1,59],[-2,83],[-3,113],[-2,76],[-2,99],[-2,80],[-52,40],[-37,10],[-105,18],[-73,13],[-18,7],[-17,11],[-78,53],[-45,74]],[[6585,6841],[-4,-318],[-1,-108],[259,-1],[-3,-452]],[[7041,5460],[-74,22],[-59,19],[-55,10],[-45,5],[-42,8],[-32,3],[-49,2],[-380,-1],[-278,2],[-42,0],[-39,-6],[-28,-6],[-23,-5],[1,-198],[1,-140],[3,-48]],[[5900,5127],[-85,1],[-194,-1],[-209,1],[-196,0]],[[5216,5128],[0,31],[-1,175]],[[5215,5334],[-1,120],[-4,533]],[[2500,5253],[12,-44],[12,-23],[-47,-19],[-30,-13],[-27,-9],[-19,1],[-26,12],[-45,24],[-26,16],[-53,3],[-78,4],[-65,3],[-88,2],[-103,1],[-96,1],[-113,1],[-25,3],[-17,11],[-12,12],[-14,12],[-13,6],[-12,1],[3,-234]],[[1618,5024],[3,-242],[-1157,29],[-4,213],[-225,6],[-4,216],[-133,2],[-93,1],[0,192],[-5,241],[90,-1],[141,-3],[-2,386],[3,0],[0,47]],[[4407,5993],[1,-80],[1,-66],[0,-57],[1,-51],[0,-95],[1,-125],[1,-133],[2,-150]],[[4414,5236],[0,-96]],[[4414,5140],[1,-76],[-52,1],[-50,1],[-33,0],[-94,-1]],[[4186,5065],[-1,63],[-2,101],[-61,-2],[-63,-1],[-86,-2],[-56,0],[-35,3],[-37,4],[-28,5],[-42,6],[-44,9],[-47,10],[-57,9],[-36,6]],[[5215,5334],[-125,1],[-87,1],[-52,0],[-80,3],[-52,-2],[-40,-3],[-44,-6],[-30,-7],[-35,-9],[-48,-15],[-45,-14],[-34,-11],[-35,-12],[-38,-11],[-31,-8],[-25,-5]],[[7697,5134],[6,-9],[-208,-4],[1,-32],[1,-32],[2,-23],[4,-28],[-3,-7],[0,-32],[1,-15],[1,-11],[-1,0],[0,-10],[0,-44],[0,-56],[0,-44],[1,-92],[-53,-1],[-154,0],[-102,-29],[-87,-19],[-201,-45],[-75,-17],[-29,21],[-66,53],[-24,20],[-17,11],[-14,7],[-11,1],[-22,3],[-357,-1],[0,-86],[-109,0],[0,-23],[-51,0],[0,-6],[-110,0]],[[6020,4584],[2,114],[-121,0]],[[5901,4698],[2,57],[2,97],[-1,118],[-3,88],[-1,69]],[[3591,5276],[-2,-20],[-3,-68],[-5,-60],[-8,-57],[-5,-46],[-4,-68],[-4,-75],[-2,-39],[-4,-27],[-6,-35],[-12,-27],[-14,-26]],[[3522,4728],[-18,-26],[-15,-24],[-22,-36],[-29,-34],[-27,-37],[-23,-32],[-45,-52],[-19,-28],[-20,-31],[-16,-27],[-17,-28],[-13,-22],[-13,-23],[-9,-22]],[[3236,4306],[-8,-13]],[[3228,4293],[-8,-12],[-17,-18],[-33,-27],[-41,-32],[-42,-28],[-35,-27],[-29,-16],[-30,-20],[-23,-11],[-46,-22],[-38,-19],[-51,-22],[-51,-23],[-48,-20],[-36,-17],[-20,-10],[-38,-17],[-27,-10],[-27,-7],[-20,-6],[-24,-6],[-18,-1],[-20,-4],[-16,-6],[-17,-4],[-22,-4],[-16,-2],[-18,-2],[-20,-3],[-53,-11],[-35,-6],[-42,-6],[-32,-4],[-35,-6],[-33,-6],[-35,-5],[-35,-6],[-34,-6],[-31,-7],[-24,-6],[-27,-8],[-28,-11],[-28,-10],[-24,-10],[-23,-14],[-18,-11],[-15,-15],[-24,-22],[-21,-24],[-17,-19],[-18,-23],[-20,-25],[-12,-20],[-14,-21],[-14,-19],[-15,-25],[-11,-18],[-9,-17],[-12,-20]],[[1658,3496],[-17,-23],[-38,-51],[-33,-43],[-31,-34],[-27,-24],[-35,-31],[-27,-24],[-37,-33],[-35,-22],[-33,-9],[-23,-7],[-92,-25],[-54,-16],[-9,349],[1,163],[21,11],[20,14],[33,20],[22,7],[20,1],[27,1],[39,0],[37,-2],[17,-2],[17,0],[19,1],[28,5],[46,16],[40,13],[2,549],[69,-2],[-1,161],[233,-4],[-4,108],[-230,4],[-3,214],[-2,243]],[[5216,5128],[2,-223],[1,-207]],[[5219,4698],[-185,2],[-218,2],[-280,7]],[[4536,4709],[-3,153],[-2,142],[-3,133],[-114,3]],[[4186,5065],[0,-43],[1,-47]],[[4187,4975],[-103,-3],[-77,-1],[-107,-3],[3,-145],[3,-97],[-35,0],[-60,1],[-65,1],[-51,1],[-46,1],[-33,-2],[-40,-1],[-54,1]],[[4536,4709],[0,-30],[3,-142],[2,-106],[3,-153]],[[4544,4278],[0,-249],[-98,3],[-130,3],[0,-7],[-124,4],[-1,87],[-1,134],[1,35]],[[4191,4288],[2,90],[2,80],[1,62],[-1,41],[-115,52],[-3,108],[115,-3],[-4,201],[-1,56]],[[5901,4698],[-143,0],[-226,-1],[-280,0],[-33,1]],[[4191,4288],[-89,2],[-57,2],[-54,2],[-56,1],[-19,1]],[[3916,4296],[-22,1],[-56,9],[-97,1]],[[3741,4307],[-101,1],[-18,-2],[-28,-6],[-85,1],[-126,2],[-147,3]],[[5219,4698],[2,-110],[-14,-142],[15,-27],[3,-150]],[[5225,4269],[-265,3],[-95,1],[-93,1]],[[4772,4274],[-83,1],[-145,3]],[[6020,4584],[1,-83],[-35,0],[1,-65],[-52,-4],[-43,-3],[-101,-8],[-113,-9],[-1,-149],[6,-426],[-109,1]],[[5574,3838],[-118,0]],[[5456,3838],[-22,0],[-146,1],[-58,1]],[[5230,3840],[-2,161],[-2,184],[-1,84]],[[3916,4296],[7,-405],[4,-157],[4,-206],[4,-180],[4,-101]],[[3939,3247],[-230,3],[7,-171],[-386,2]],[[3330,3081],[4,13],[9,29],[10,29],[13,40],[21,63],[16,49],[7,18],[7,23],[12,34],[8,25],[13,39]],[[3450,3443],[15,45],[9,30],[13,41],[19,57],[12,36],[12,37],[16,46],[40,119],[11,28],[9,31],[9,24],[4,15],[9,19],[8,18],[7,13],[9,17],[14,28],[16,28],[17,36],[10,23],[5,17],[4,20],[3,23],[8,40],[5,34],[4,18],[3,21]],[[3450,3443],[-39,-2],[-20,1],[-40,1],[-57,1],[-57,1],[-67,1],[-75,1]],[[3095,3447],[45,132],[39,123],[34,108],[22,70],[-7,413]],[[3095,3447],[-12,1],[-61,